colId,Username,Email,Role,User Type,Created At,
c2608799-5fcd-4fae-9308-28a66da4c066,admin,,Admin,,17/12/2025 7:50:25 SA,
0b41f804-8d85-4dec-8b52-375bf0f93833,Rafael.Littel,,Staff,,17/12/2025 7:50:26 SA,
2598c23d-067f-42eb-bd6f-9d00d8066bea,Gonzalo_Bailey,,Staff,,17/12/2025 7:50:26 SA,
2c2b2145-5db9-4609-aea1-e1ef3cbdcf92,Sunny_Weber59,,Staff,,17/12/2025 7:50:26 SA,
3fcad490-f94e-4707-8b53-49d137192b12,Ila.Daniel72,,Staff,,17/12/2025 7:50:26 SA,
5ba5fe41-2922-4986-9168-eb4897cec50f,Dennis_Kilback,,Staff,,17/12/2025 7:50:26 SA,
6a15f7f1-4986-4b0b-90ed-a601e6e9aad6,Vernice93,,Staff,,17/12/2025 7:50:26 SA,
6b8dac9a-af67-466c-a613-ac7f46148e00,Celestino.Towne,,Staff,,17/12/2025 7:50:26 SA,
6f8c0f06-c6ad-46d3-9ae7-342b29b7a489,Nya.Jenkins,,Staff,,17/12/2025 7:50:26 SA,
8920b55e-b5c7-4d2b-92a3-812fbf792143,Rosalee.Senger,,Staff,,17/12/2025 7:50:26 SA,
94efcb25-00e7-4447-8f6f-173e216e1938,Name_Witting22,,Staff,,17/12/2025 7:50:26 SA,
a7b7cb84-e2a2-44c8-9828-823a165892f5,Nathaniel.Schaefer,,Staff,,17/12/2025 7:50:26 SA,
afc6b07e-5eee-4d8d-9d7d-97cf367b3cf2,Carey_Spencer17,,Staff,,17/12/2025 7:50:26 SA,
b15d2dae-2f4e-48c9-b84c-b0a88d6f18e2,Ryley37,,Staff,,17/12/2025 7:50:26 SA,
b5f3e21f-f608-4e46-9f0b-a49e054c1374,Vivianne.Orn92,,Staff,,17/12/2025 7:50:26 SA,
c25cbef7-c8f0-4168-b415-0b5f1d356f66,Jordi.Cole,,Staff,,17/12/2025 7:50:26 SA,
c32b52e4-6458-431b-8f68-801725ff41c0,Juston_Block,,Staff,,17/12/2025 7:50:26 SA,
d981a0bc-c79c-46fc-bbbb-b1bc0d7257c7,Dedric93,,Staff,,17/12/2025 7:50:26 SA,
f7e2bffe-d5d9-4d7d-8b2b-365a73db2182,Arnold_Schoen64,,Staff,,17/12/2025 7:50:26 SA,
f8eea729-4c98-4956-9471-86347230a4c0,Jada_Koch66,,Staff,,17/12/2025 7:50:26 SA,
fc2045ab-e2c3-4cd1-a3c6-382cb29d3bbe,Douglas.Will39,,Staff,,17/12/2025 7:50:26 SA,
00b268f2-8d7a-441e-9dfa-8478ab25704d,,Celia.Ward@yahoo.com,Customer,Foreign,17/12/2025 7:50:27 SA,
02658441-7689-4cd7-93e2-df9e71b8f64f,,Abigayle.Lesch@gmail.com,Customer,Foreign,17/12/2025 7:50:27 SA,
0504406b-a400-400a-ade9-790fa0a2e1b8,,Brennan_Hessel45@hotmail.com,Customer,Foreign,17/12/2025 7:50:27 SA,
050c677d-2843-4713-8aed-b6c6be7f5f92,,Loma_Crona@hotmail.com,Customer,Local,17/12/2025 7:50:27 SA,
05744181-8039-4cb8-859d-744a678ed333,,Cade_Harris46@hotmail.com,Customer,Local,17/12/2025 7:50:27 SA,
05cb4702-5f44-4106-a90b-d3d8732d2ec0,,Dion_Erdman38@yahoo.com,Customer,Local,17/12/2025 7:50:27 SA,
06fcbe58-2744-45ea-bd1a-10c2292dd4a4,,Madonna.Morissette@hotmail.com,Customer,Local,17/12/2025 7:50:27 SA,
0a2b0c09-c328-44a2-861a-b52555988bd2,,Niko_Kiehn@gmail.com,Customer,Local,17/12/2025 7:50:27 SA,
0ab7c77b-2bc0-478a-945f-4fe8e7f6b564,,Kenna_Monahan@yahoo.com,Customer,Local,17/12/2025 7:50:27 SA,
0d5c2b6e-d54e-4e8b-acda-f4b1f8a0ca32,,Javier82@gmail.com,Customer,Local,17/12/2025 7:50:27 SA,
0d8e68c1-7f0d-4bd0-bfde-c332f31327c9,,Priscilla_Medhurst51@gmail.com,Customer,Foreign,17/12/2025 7:50:27 SA,
0f01da65-f58f-47ac-8abf-324f14f045dc,,Verla_Blick40@yahoo.com,Customer,Local,17/12/2025 7:50:27 SA,
0f87a79b-efd2-4144-84d8-899df44af265,,Precious.Dach68@gmail.com,Customer,Foreign,17/12/2025 7:50:27 SA,
111f8f8f-eaee-4017-ab02-9b3fdd598ad4,,Andreane.Buckridge@hotmail.com,Customer,Local,17/12/2025 7:50:27 SA,
1383ab71-1809-4c93-94ca-4be0307d8669,,Hailie.Buckridge71@hotmail.com,Customer,Local,17/12/2025 7:50:27 SA,
15344ec5-1ea5-42b9-bb46-0a79bb4dec89,,Pearlie.Kirlin54@hotmail.com,Customer,Local,17/12/2025 7:50:27 SA,
16751efb-c0ab-44eb-b23b-5e9ab517a3b9,,Lisette.Crooks47@gmail.com,Customer,Local,17/12/2025 7:50:27 SA,
1741db9c-4d12-47e2-8808-67b8a5ad0366,,Rosa_Legros@yahoo.com,Customer,Local,17/12/2025 7:50:27 SA,
17aaaf05-4128-4102-bc5f-12252fab6704,,Krista63@yahoo.com,Customer,Local,17/12/2025 7:50:27 SA,
18850e75-6df4-419f-a27a-68981827a233,,Lupe.Bailey53@hotmail.com,Customer,Foreign,17/12/2025 7:50:27 SA,
19a7eaee-7e29-410b-a228-fb13984df6ab,,Alford_Gaylord@gmail.com,Customer,Local,17/12/2025 7:50:27 SA,
1b5856b7-1414-44e8-9aaa-ac2a7c2f470c,,Duane.Hansen@hotmail.com,Customer,Local,17/12/2025 7:50:27 SA,
1c373a36-c749-4b44-96f0-29f2223b5bd3,,Christiana_Dare@hotmail.com,Customer,Foreign,17/12/2025 7:50:27 SA,
1f2887b9-a9fa-4418-a690-5279770b3a41,,Cassandre.Stiedemann@gmail.com,Customer,Local,17/12/2025 7:50:27 SA,
1f2f5eff-65b8-408f-a19d-18022ef8afbc,,Nelle.Heaney40@hotmail.com,Customer,Foreign,17/12/2025 7:50:27 SA,
20c38750-bf72-4ca0-8181-b2d6435b7796,,Sadye_Goyette@hotmail.com,Customer,Local,17/12/2025 7:50:27 SA,
24945731-b9fb-43fe-a72a-b2c6fadd7fbf,,Ansel.Leannon@hotmail.com,Customer,Foreign,17/12/2025 7:50:27 SA,
26ffc743-7718-4607-960f-67c7f51f087a,,Penelope_Marvin84@yahoo.com,Customer,Foreign,17/12/2025 7:50:27 SA,
29e049b6-e315-4cdb-96f9-c1a4d95c8243,,Destiny_Harber42@yahoo.com,Customer,Foreign,17/12/2025 7:50:27 SA,
2a883ce6-d4ab-4caf-9a29-974048a42b16,,Madge_Nienow29@hotmail.com,Customer,Local,17/12/2025 7:50:27 SA,
2aef0b3b-f36f-4727-a935-6eb6021f7747,,Marquise_Lockman@yahoo.com,Customer,Local,17/12/2025 7:50:27 SA,
2e7e920e-20d7-43ad-817e-d789752e5809,,Estrella_Glover31@gmail.com,Customer,Local,17/12/2025 7:50:27 SA,
32567f3a-eae7-4fc8-8769-f3592556aa21,,Bernadette6@yahoo.com,Customer,Foreign,17/12/2025 7:50:27 SA,
3490960e-3196-4684-ad95-790c54ae6ccf,,Orlando_Watsica@gmail.com,Customer,Local,17/12/2025 7:50:27 SA,
3738944c-edb4-4807-bef9-e4d25aa7e6d1,,Addison73@hotmail.com,Customer,Foreign,17/12/2025 7:50:27 SA,
381fef44-0790-46a8-af54-2a99460249e4,,Keyshawn41@yahoo.com,Customer,Foreign,17/12/2025 7:50:27 SA,
3ad9d760-0896-4993-83cd-6b6a6a717296,,Chyna_Parisian@hotmail.com,Customer,Local,17/12/2025 7:50:27 SA,
3c697ac9-a273-4f1d-81d2-c4c8cb0589b2,,Erika77@gmail.com,Customer,Foreign,17/12/2025 7:50:27 SA,
3c7fbbc3-8fe9-4dcd-8e25-7d6ff93a59f4,,Brielle.Heidenreich4@yahoo.com,Customer,Foreign,17/12/2025 7:50:27 SA,
3d00a24b-7c48-498d-a3da-ca271591ee94,,Parker55@gmail.com,Customer,Foreign,17/12/2025 7:50:27 SA,
41fc3c1d-5e55-4230-8e0d-a741782a9e28,,Eleonore.Schiller@yahoo.com,Customer,Local,17/12/2025 7:50:27 SA,
4530bdc2-d9ce-4d9d-bbd1-d16b4d36eea4,,Dee.Ankunding@hotmail.com,Customer,Foreign,17/12/2025 7:50:27 SA,
461463be-bbe2-46c7-9dab-e3fe02a5f0cc,,Lourdes49@gmail.com,Customer,Local,17/12/2025 7:50:27 SA,
48049763-b5a7-49c1-8cd5-09b509db4bf4,,Clark89@hotmail.com,Customer,Foreign,17/12/2025 7:50:27 SA,
480617bb-e6d5-45c7-879a-63d2c0f11376,,Della.Runolfsdottir@hotmail.com,Customer,Foreign,17/12/2025 7:50:27 SA,
489a6afa-726b-4732-b078-c7d7a9dbf399,,Bria_Wiza@hotmail.com,Customer,Foreign,17/12/2025 7:50:27 SA,
48e1c991-e071-4190-9a96-e572ccf69e39,,Hilario_OConner@hotmail.com,Customer,Local,17/12/2025 7:50:27 SA,
49919ffd-0ef4-4c4b-877b-1056f73b035e,,Kevin74@yahoo.com,Customer,Foreign,17/12/2025 7:50:27 SA,
4c4ddd23-57d4-4d0f-b268-e4be3c5a3843,,Heath_Feeney73@gmail.com,Customer,Foreign,17/12/2025 7:50:27 SA,
4c505061-7144-4352-9365-fe1a38f7732a,,Pinkie.Durgan27@yahoo.com,Customer,Local,17/12/2025 7:50:27 SA,
4ee5a24b-459a-457c-ae0c-8c3a5f81d6dc,,Lyda.Stroman89@gmail.com,Customer,Local,17/12/2025 7:50:27 SA,
4ee6557b-36e7-48c6-a821-0b96cbecbe14,,Elizabeth51@yahoo.com,Customer,Foreign,17/12/2025 7:50:27 SA,
4efb8d20-530b-4370-8d2b-e35cc2742a2a,,Lauriane8@yahoo.com,Customer,Foreign,17/12/2025 7:50:27 SA,
4f18261b-4250-4b08-b356-8fd18b1d086c,,Callie.Kassulke@hotmail.com,Customer,Local,17/12/2025 7:50:27 SA,
517f69d9-18f1-4c60-aac5-0397e097de98,,Justina.Zboncak77@hotmail.com,Customer,Foreign,17/12/2025 7:50:27 SA,
5922bbed-2f24-4b27-aa5b-caf93826922f,,Heloise_Gutkowski@hotmail.com,Customer,Local,17/12/2025 7:50:27 SA,
5b8adedf-16d2-4c49-960c-b45cbb1c46b9,,Susie9@yahoo.com,Customer,Local,17/12/2025 7:50:27 SA,
5b8dd149-92e4-42bb-998b-53e92382cf1c,,Marie.Murray@gmail.com,Customer,Local,17/12/2025 7:50:27 SA,
5bba9efa-110b-472d-8e69-dfdfc99d1440,,Angeline10@hotmail.com,Customer,Foreign,17/12/2025 7:50:27 SA,
5bd9d921-7d8a-4a87-a1e0-b18d78f50a8f,,Bill23@yahoo.com,Customer,Foreign,17/12/2025 7:50:27 SA,
60f9c257-f488-47ba-bdb5-fffaf4f5d3f8,,Arvel_Herzog@gmail.com,Customer,Foreign,17/12/2025 7:50:27 SA,
618da3dd-255a-41af-bb57-0314916c0ed9,,Delphia74@yahoo.com,Customer,Local,17/12/2025 7:50:27 SA,
61cdc566-9cc2-48bb-870a-299d7e48745c,,Reymundo25@gmail.com,Customer,Foreign,17/12/2025 7:50:27 SA,
632c8c72-4812-4d5f-a17f-e0e3c478d04c,,Geovanni90@yahoo.com,Customer,Local,17/12/2025 7:50:27 SA,
648c2a30-b1cd-47d9-a928-112d3bc7018a,,Cassandre_McLaughlin23@yahoo.com,Customer,Local,17/12/2025 7:50:27 SA,
6674c44b-32cc-4bc1-9681-5ebc4b43fbdc,,Simeon_Kunze@hotmail.com,Customer,Local,17/12/2025 7:50:27 SA,
6a67fb75-c5d2-46af-9892-4d0f0ddc1873,,Jazmyne.Ortiz84@hotmail.com,Customer,Local,17/12/2025 7:50:27 SA,
6ad3600c-e784-4bc9-8bd6-2169cf8c0720,,Liza43@hotmail.com,Customer,Local,17/12/2025 7:50:27 SA,
6bb53788-d9ad-45a7-97ae-321bb9b011ad,,Stewart90@gmail.com,Customer,Foreign,17/12/2025 7:50:27 SA,
6c6d79f3-582e-43ed-a424-f968223d6302,,Ernest_Kling@gmail.com,Customer,Local,17/12/2025 7:50:27 SA,
6ddd3341-3e4d-4a87-99c7-cbcc875595e9,,Justyn68@gmail.com,Customer,Local,17/12/2025 7:50:27 SA,
724e4078-a499-415b-a2b0-4d8fd22e428d,,Brannon_Lubowitz@hotmail.com,Customer,Foreign,17/12/2025 7:50:27 SA,
74146ea2-abcc-40de-9781-1adfebb41cdd,,Wilmer_Kemmer20@yahoo.com,Customer,Local,17/12/2025 7:50:27 SA,
74a53e7b-67fc-4124-a376-6af7c5348a66,,Boyd.Stracke49@hotmail.com,Customer,Foreign,17/12/2025 7:50:27 SA,
7647f969-c32e-4e2f-8b1f-16c856ed1dea,,Alessandra_Schuster@gmail.com,Customer,Foreign,17/12/2025 7:50:27 SA,
76d2fdcc-dd4a-40fd-83c0-88f9570cd0ac,,Katlyn_Bogisich@gmail.com,Customer,Foreign,17/12/2025 7:50:27 SA,
78a2221b-f1c1-4f50-9929-8b8250d141b4,,Easton.Runolfsson42@yahoo.com,Customer,Foreign,17/12/2025 7:50:27 SA,
79a347d4-da23-440a-a14e-048eb056b8d8,,Maritza_Dibbert76@hotmail.com,Customer,Foreign,17/12/2025 7:50:27 SA,
815e1ce7-01ac-4a6c-8e66-36aebbd2adde,,Luther.Corkery@yahoo.com,Customer,Foreign,17/12/2025 7:50:27 SA,
836f7b1a-69f7-463c-bcf7-3542438e903a,,Braeden87@yahoo.com,Customer,Foreign,17/12/2025 7:50:27 SA,
846344d1-ab0d-43b7-b88e-5674a837e2f3,,Davin_Wisozk@gmail.com,Customer,Foreign,17/12/2025 7:50:27 SA,
88ff7f33-49f1-4143-b283-15c4ee613e01,,Micheal_Nader@gmail.com,Customer,Local,17/12/2025 7:50:27 SA,
89a5e306-8d52-492b-96e2-79b2beb275d5,,Edmund.Spinka94@gmail.com,Customer,Foreign,17/12/2025 7:50:27 SA,
8ab89419-0339-4d4e-aeac-c64479f49d85,,Bernadine.Paucek49@hotmail.com,Customer,Local,17/12/2025 7:50:27 SA,
8bcd3bfe-8dc4-4f1d-a81c-ee7935d69982,,Johanna43@yahoo.com,Customer,Local,17/12/2025 7:50:27 SA,
8cc3c1ab-84c0-498e-b466-4b684e9cd6fc,,Helena.Bradtke@gmail.com,Customer,Local,17/12/2025 7:50:27 SA,
8d8bbf4b-6d1c-490d-b085-e82c12a84b47,,Murl83@gmail.com,Customer,Local,17/12/2025 7:50:27 SA,
8dd0909e-893e-48d8-9e89-dc051d959baf,,Christophe54@hotmail.com,Customer,Local,17/12/2025 7:50:27 SA,
8dd6992b-12e0-412a-95ea-22d7e3e94d44,,Vida_Fisher@hotmail.com,Customer,Local,17/12/2025 7:50:27 SA,
8f97bc35-abff-4ae9-a5c9-ba2f5e1cbe1e,,Viviane_Sporer@hotmail.com,Customer,Local,17/12/2025 7:50:27 SA,
900427d6-1580-45f2-a98a-459dc49789bd,,Calista_Larson@hotmail.com,Customer,Foreign,17/12/2025 7:50:27 SA,
919a1aaa-0269-4659-9fad-7f2a253fa3b6,,Ines.Ernser@hotmail.com,Customer,Foreign,17/12/2025 7:50:27 SA,
9357706b-c323-4545-8edc-418217251481,,Candace_Orn46@yahoo.com,Customer,Foreign,17/12/2025 7:50:27 SA,
96c358fe-64bb-4755-a847-ca05dbfa2cbe,,Chesley13@gmail.com,Customer,Foreign,17/12/2025 7:50:27 SA,
97450dc7-faa4-49d4-9f2e-a1b7db3998c7,,Joseph.Krajcik3@yahoo.com,Customer,Local,17/12/2025 7:50:27 SA,
98b743e9-a273-496e-b527-b521f411d45e,,Lorenz_Stoltenberg@hotmail.com,Customer,Foreign,17/12/2025 7:50:27 SA,
99a360a0-544a-4b37-8665-0c32796e7000,,Vinnie71@hotmail.com,Customer,Foreign,17/12/2025 7:50:27 SA,
99e12eb4-0c30-40a5-affc-2ad71e2d76d2,,Anissa_Wuckert@yahoo.com,Customer,Local,17/12/2025 7:50:27 SA,
9abbdf3b-88b8-478e-81ef-4210fd5cc155,,Jamey_Conn@yahoo.com,Customer,Local,17/12/2025 7:50:27 SA,
9e397c15-24ba-4f5a-9bad-0d04a7cc9feb,,Kallie_Thiel@hotmail.com,Customer,Local,17/12/2025 7:50:27 SA,
9e7932ea-ef9b-4e8b-bec7-9d21b96db5d5,,Wilburn.Zulauf@yahoo.com,Customer,Foreign,17/12/2025 7:50:27 SA,
9fec4aea-3b82-4c4e-a787-d5482f77b534,,Stephen_Conn@gmail.com,Customer,Foreign,17/12/2025 7:50:27 SA,
a1e4e8bd-1b81-478a-9241-37432c86972a,,Una_Heaney@yahoo.com,Customer,Local,17/12/2025 7:50:27 SA,
a2cb4f31-9454-4c45-a486-a3ff4c5cc43b,,Darrin_Dietrich@yahoo.com,Customer,Local,17/12/2025 7:50:27 SA,
a6250504-aea1-47ef-9322-579415d2c7be,,Abdiel.Borer@yahoo.com,Customer,Foreign,17/12/2025 7:50:27 SA,
a66b5708-f1da-4269-980f-521fcd23bff3,,Lilliana.Trantow@hotmail.com,Customer,Local,17/12/2025 7:50:27 SA,
a7e8cdfa-47fd-472b-b16f-159332e6085b,,Nina.Mosciski@hotmail.com,Customer,Foreign,17/12/2025 7:50:27 SA,
a8c5b257-3deb-4d11-b8b1-f4f7539a47d8,,Dustin.Monahan57@gmail.com,Customer,Local,17/12/2025 7:50:27 SA,
acba8620-3f13-4110-8dd5-4d678b217af8,,Gust18@hotmail.com,Customer,Local,17/12/2025 7:50:27 SA,
ad477c7b-67fd-42f3-8324-0e4b52494039,,Cortney.Bartell@yahoo.com,Customer,Foreign,17/12/2025 7:50:27 SA,
b191c224-6c7d-4b9f-9a24-df71c105371d,,Fabiola26@hotmail.com,Customer,Foreign,17/12/2025 7:50:27 SA,
b3a112ba-00ea-45c7-85da-b43c947f42b2,,Aubree66@hotmail.com,Customer,Local,17/12/2025 7:50:27 SA,
b3cbe850-efa7-4e27-9a2b-204e7693f357,,Maximo.Langworth@hotmail.com,Customer,Local,17/12/2025 7:50:27 SA,
b61e9278-0d85-4c0f-b163-3e9f539060fa,,Ismael.Walter@gmail.com,Customer,Foreign,17/12/2025 7:50:27 SA,
b62ec8b7-8db2-44de-b759-e15514d82ff0,,Lucie37@hotmail.com,Customer,Local,17/12/2025 7:50:27 SA,
b645f69d-7f76-411c-8c84-07e3cf1cd434,,Bailee_Romaguera61@hotmail.com,Customer,Foreign,17/12/2025 7:50:27 SA,
b70f996d-28e8-4c6a-8116-86e2aa510a4e,,Felicia78@yahoo.com,Customer,Local,17/12/2025 7:50:27 SA,
b7bf60a4-7d61-4614-a9c3-63d8493cbfce,,Germaine88@hotmail.com,Customer,Foreign,17/12/2025 7:50:27 SA,
b7c46be5-20e1-4513-90ee-a83bcea6d7c3,,Charlene_Swaniawski47@hotmail.com,Customer,Local,17/12/2025 7:50:27 SA,
b7e0fe1f-2441-4fa1-970d-066fe1aee852,,Lenny54@hotmail.com,Customer,Foreign,17/12/2025 7:50:27 SA,
b9acd9b0-f2b3-4d3d-a6be-cb9955a6e32f,,Hilda.Okuneva@yahoo.com,Customer,Foreign,17/12/2025 7:50:27 SA,
bb606d54-d2f2-4fb1-9afd-0151ded88834,,Teagan_Stiedemann89@gmail.com,Customer,Foreign,17/12/2025 7:50:27 SA,
bb65254b-4603-4570-919b-9cbcf8e22710,,Camron_Kuvalis@yahoo.com,Customer,Foreign,17/12/2025 7:50:27 SA,
bbeb2ca9-17e1-403f-bdcb-5fe13124eb16,,Sadye_Williamson72@yahoo.com,Customer,Local,17/12/2025 7:50:27 SA,
bd4ce297-3593-4d0c-b2d2-b3ff734595d7,,Frederic_Lebsack12@gmail.com,Customer,Local,17/12/2025 7:50:27 SA,
bf3a0626-38a1-46a5-b567-bd7574547746,,Demario97@hotmail.com,Customer,Foreign,17/12/2025 7:50:27 SA,
bfaa70a5-39cb-4fde-922d-c222ff041551,,Norris_Treutel@hotmail.com,Customer,Foreign,17/12/2025 7:50:27 SA,
bfac3b59-b858-4eeb-b4c8-f6ebe550e602,,Nia.Stracke@hotmail.com,Customer,Local,17/12/2025 7:50:27 SA,
c3cadc87-bcd8-4960-a629-c97564248193,,Elmer_Johnston@gmail.com,Customer,Local,17/12/2025 7:50:27 SA,
c417a4a5-2f19-4339-95ea-82073ba49b5c,,Uriah16@yahoo.com,Customer,Foreign,17/12/2025 7:50:27 SA,
c91b500c-b268-46b0-b020-8d69ebaf7348,,Scotty87@yahoo.com,Customer,Local,17/12/2025 7:50:27 SA,
ca6aeb1b-f4c4-41a8-aea4-7feb18aeae85,,Spencer57@yahoo.com,Customer,Local,17/12/2025 7:50:27 SA,
cb24153a-a3d1-417c-9a50-5be0ad919826,,Stewart_Gulgowski@yahoo.com,Customer,Local,17/12/2025 7:50:27 SA,
cb422789-4137-4b96-8dc0-922ca98ad3a6,,Christa_Stanton80@hotmail.com,Customer,Local,17/12/2025 7:50:27 SA,
cc59c667-63cd-41c5-a04d-226ceb428a34,,Georgiana.Kub@gmail.com,Customer,Local,17/12/2025 7:50:27 SA,
cd36018e-c903-4f3d-9883-f4d03e4cfd84,,Viviane_Littel18@hotmail.com,Customer,Local,17/12/2025 7:50:27 SA,
cdda9b30-1588-475e-bc01-9a05404f3961,,Enrico76@hotmail.com,Customer,Local,17/12/2025 7:50:27 SA,
cea65d07-56f6-48f1-a846-0b4c3c6a7931,,Jaida_Herman20@gmail.com,Customer,Local,17/12/2025 7:50:27 SA,
d1342b75-7411-44c1-9111-b8907b30afd9,,Easton.Krajcik@gmail.com,Customer,Foreign,17/12/2025 7:50:27 SA,
d3f1ce56-dccb-4ed8-bb3a-d6060cf9868e,,Jayce.Schowalter@yahoo.com,Customer,Foreign,17/12/2025 7:50:27 SA,
d45f4958-079f-411a-b468-fe14278e2eb9,,Corbin_Bradtke45@yahoo.com,Customer,Foreign,17/12/2025 7:50:27 SA,
d7eb5cac-5875-473d-b781-0a0a61979928,,Natasha.Abernathy@hotmail.com,Customer,Local,17/12/2025 7:50:27 SA,
daa4d69a-66f6-4fb8-8553-c7afdf4352c4,,Geraldine_Von94@hotmail.com,Customer,Foreign,17/12/2025 7:50:27 SA,
db06b162-be32-43ee-8a7e-b359d9278838,,Will.Wyman70@hotmail.com,Customer,Local,17/12/2025 7:50:27 SA,
ddc3df37-6e81-43c8-8f47-ac8e44704752,,Hadley_McDermott@gmail.com,Customer,Local,17/12/2025 7:50:27 SA,
e1778943-bc99-4d19-bce3-541513c3a844,,Baylee54@yahoo.com,Customer,Local,17/12/2025 7:50:27 SA,
e50e6d9c-c804-419b-a6b5-3df09bb0285d,,Edmund98@hotmail.com,Customer,Local,17/12/2025 7:50:27 SA,
e5c44888-1495-4cbf-a3c4-60f49dced101,,Vincenzo_Cole43@gmail.com,Customer,Foreign,17/12/2025 7:50:27 SA,
e876e39f-2b0b-47e3-a567-5c6394e4cbe9,,Edmund_Schmeler@hotmail.com,Customer,Foreign,17/12/2025 7:50:27 SA,
e986e717-a278-480e-b434-6df19f8d1f07,,Luciano_Trantow4@hotmail.com,Customer,Local,17/12/2025 7:50:27 SA,
eb92f3f6-66ce-49fe-9b89-bad47557c21b,,Maryam_Legros@hotmail.com,Customer,Local,17/12/2025 7:50:27 SA,
ec661d24-3e3e-4118-85e8-f3ca36a0737d,,Bernie_Fisher22@gmail.com,Customer,Foreign,17/12/2025 7:50:27 SA,
eedcb34b-6ba0-4db9-ba20-514eab2b5d24,,Arnulfo60@hotmail.com,Customer,Foreign,17/12/2025 7:50:27 SA,
f8735eff-fd66-427a-bff2-5156f027f360,,Cordia10@yahoo.com,Customer,Local,17/12/2025 7:50:27 SA,
f9dda995-deb2-458b-9c6f-dcbf1b37b326,,Bessie31@yahoo.com,Customer,Local,17/12/2025 7:50:27 SA,
f9e32556-a3a4-4fd1-89c2-3aba523911a5,,Bridget_Klein47@gmail.com,Customer,Foreign,17/12/2025 7:50:27 SA,
fc31a657-ae92-4ab0-a671-255280a98a15,,Assunta_Jerde18@gmail.com,Customer,Foreign,17/12/2025 7:50:27 SA,
fdfcbe69-2850-4c21-98ba-a2405ad5a8a3,,Jennifer.Jaskolski77@yahoo.com,Customer,Local,17/12/2025 7:50:27 SA,
febd453b-db64-4b9e-85af-ba38261ee434,,Laurianne_Spinka70@yahoo.com,Customer,Foreign,17/12/2025 7:50:27 SA,
ff997ed0-c3d5-4895-ab97-242a5a8680a5,,Arnulfo75@yahoo.com,Customer,Foreign,17/12/2025 7:50:27 SA,
019b2b51-df87-7894-bf83-331c50d38ff1,levanbao21059428,levanbao2105@gmail.com,Customer,Local,17/12/2025 7:59:04 SA,
